{
    "name": "Cat Invaders - Copy",
    "version": "0.0.2",
    "description": "",
    "dependencies": {
        "device": "*",
        "game-building-session-tutorials-2024": "github:Code-Ninjas-Home-Office/game-building-session-tutorials-2024",
        "Makey Makey Keymappings": "github:joylabz/makeymakey-makecode-arcade-extension#1.0.3"
    },
    "files": [
        "main.blocks",
        "main.ts",
        "README.md",
        "assets.json",
        "tilemap.g.jres",
        "tilemap.g.ts",
        "images.g.jres",
        "images.g.ts"
    ],
    "testFiles": [
        "test.ts"
    ],
    "targetVersions": {
        "branch": "v2.0.56",
        "tag": "v2.0.56",
        "commits": "https://github.com/microsoft/pxt-arcade/commits/2e47d3464cf6ea715ec6e630834bbe15bc2f6feb",
        "target": "2.0.56",
        "pxt": "11.3.59",
        "targetId": "arcade"
    },
    "supportedTargets": [
        "arcade"
    ],
    "preferredEditor": "blocksprj"
}
